<?xml version="1.0" encoding="UTF-8"?>
<!DOCTYPE suite SYSTEM "http://testng.org/testng-1.0.dtd">
<suite name="TestNG Parameter TestSuite">
  <test name="FreeCrmLoginTest">
  <parameter name="browser" value="chrome"></parameter>
  <parameter name="url" value="https://www.freecrm.com"></parameter>
  <parameter name="username" value="Praveen1177"></parameter>
  <parameter name="password" value="praveen@1120"></parameter>
    <classes>
      <class name="com.testng.parameters.ParameterTest"/>
    </classes>
  </test> <!-- FreeCrmLoginTest -->
</suite> <!-- TestNGParameterTestSuite -->
